City_ID,City,Lat,Lng,Max Temp,Humidity,Cloudiness,Wind Speed,Country,Date
0,aasiaat,68.7098,-52.8699,-1.79,88,84,4.65,GL,1683501516
1,kutum,14.2,24.6667,25.3,14,54,3.42,SD,1683501516
2,puerto natales,-51.7236,-72.4875,6.29,86,72,1.85,CL,1683501428
3,papatowai,-46.5619,169.4708,15.35,66,100,0.51,NZ,1683501052
4,anadyr,64.75,177.4833,-0.72,86,40,9.0,RU,1683501516
5,port-aux-francais,-49.35,70.2167,4.09,64,96,11.93,TF,1683501049
6,iqaluit,63.7506,-68.5145,-6.44,83,46,5.43,CA,1683501053
7,isafjordur,66.0755,-23.124,6.27,93,97,2.25,IS,1683501047
8,verkhnevilyuysk,63.4453,120.3167,-6.08,86,97,2.24,RU,1683501516
9,kill devil hills,36.0307,-75.676,25.01,52,0,8.75,US,1683501517
10,thompson,55.7435,-97.8558,20.09,28,20,3.09,CA,1683501517
11,bilibino,68.0546,166.4372,-4.99,80,94,1.1,RU,1683501046
12,turbat,26.0023,63.044,29.99,42,0,1.07,PK,1683501517
13,atafu village,-8.5421,-172.5159,29.13,77,12,5.33,TK,1683501517
14,ilulissat,69.2167,-51.1,0.01,86,100,1.54,GL,1683500772
15,bethel,41.3712,-73.414,21.09,51,91,0.45,US,1683501517
16,port-gentil,-0.7193,8.7815,27.98,89,40,3.09,GA,1683501517
17,port mathurin,-19.6833,63.4167,25.71,72,1,10.28,MU,1683501517
18,wang nam yen,13.5033,102.1812,25.47,87,35,1.25,TH,1683501518
19,portland,45.5234,-122.6762,19.26,49,40,2.24,US,1683501245
20,ambodifotatra,-16.9833,49.85,25.18,76,3,5.39,MG,1683501518
21,iskateley,67.6803,53.1512,-8.66,95,24,3.84,RU,1683501518
22,tolanaro,-25.0319,46.9987,20.41,90,0,4.01,MG,1683501518
23,hailar,49.2,119.7,6.18,28,0,9.1,CN,1683501518
24,ribeira grande,38.5167,-28.7,18.21,98,100,11.62,PT,1683501518
25,manaure,11.7751,-72.4445,29.43,66,100,7.48,CO,1683501518
26,adamstown,-25.066,-130.1015,21.49,58,100,10.22,PN,1683501518
27,nova sintra,14.8667,-24.7167,20.05,80,0,9.41,CV,1683501519
28,nar'yan-mar,67.6713,53.087,-8.59,95,25,3.86,RU,1683501519
29,tazacorte,28.629,-17.9293,21.19,73,20,10.29,ES,1683501519
30,dudinka,69.4058,86.1778,-14.42,88,93,4.25,RU,1683501519
31,albany,42.6001,-73.9662,20.37,68,90,2.81,US,1683501278
32,puerto ayora,-0.7393,-90.3518,26.42,95,59,1.34,EC,1683501519
33,hammerfest,70.6634,23.6821,4.25,87,75,10.8,NO,1683501519
34,crane,31.3974,-102.3501,33.28,10,99,6.29,US,1683501519
35,port elizabeth,-33.918,25.5701,18.16,82,75,2.57,ZA,1683501519
36,kaa-khem,51.6833,94.7333,9.86,57,78,1.99,RU,1683501520
37,margaret river,-33.95,115.0667,17.17,53,92,7.46,AU,1683501520
38,olonkinbyen,70.9221,-8.7187,1.26,100,100,3.13,SJ,1683501049
39,akureyri,65.6835,-18.0878,10.96,66,40,3.6,IS,1683501520
40,mwene-ditu,-7.0,23.45,19.1,83,28,1.41,CD,1683501520
41,hamilton,39.1834,-84.5333,22.55,80,100,0.89,US,1683501254
42,blackmans bay,-43.0167,147.3167,9.29,74,89,2.84,AU,1683501047
43,vila velha,-20.3297,-40.2925,23.97,90,20,2.06,BR,1683501520
44,severo-yeniseyskiy,60.3725,93.0408,4.54,90,84,2.5,RU,1683501520
45,stanley,54.868,-1.6985,11.55,93,92,0.0,GB,1683501520
46,lihue,21.9789,-159.3672,27.58,66,20,7.2,US,1683501388
47,najran,17.4924,44.1277,24.36,23,46,0.94,SA,1683501385
48,chania,35.5122,24.0156,15.78,88,20,2.57,GR,1683501521
49,kodiak,57.79,-152.4072,6.73,65,100,5.14,US,1683501521
50,flying fish cove,-10.4217,105.6791,26.82,89,100,3.6,CX,1683501521
51,ushuaia,-54.8,-68.3,7.81,76,75,2.57,AR,1683501521
52,agua prieta,31.3,-109.5667,30.21,7,0,5.93,MX,1683501521
53,sarmiento,-45.5882,-69.07,10.34,63,3,1.66,AR,1683501521
54,callao,-12.0667,-77.15,24.84,78,75,6.17,PE,1683501522
55,panacan,9.2463,118.4082,26.95,81,56,0.71,PH,1683501522
56,udachny,66.4167,112.4,-8.64,56,61,2.79,RU,1683501522
57,edinburgh of the seven seas,-37.0676,-12.3116,14.56,65,39,2.36,SH,1683501522
58,tabou,4.423,-7.3528,26.93,82,100,2.71,CI,1683501522
59,bredasdorp,-34.5322,20.0403,12.96,90,9,1.95,ZA,1683501522
60,atbasar,51.8,68.3333,15.76,36,81,3.81,KZ,1683501522
61,invercargill,-46.4,168.35,13.89,72,99,1.53,NZ,1683501522
62,west island,-12.1568,96.8225,26.99,89,40,1.03,CC,1683501523
63,alakurtti,66.9672,30.3491,0.11,93,98,2.56,RU,1683501523
64,georgetown,5.4112,100.3354,26.96,94,20,0.0,MY,1683501304
65,waitangi,-43.9535,-176.5597,15.46,95,100,2.24,NZ,1683500923
66,rabo de peixe,37.8,-25.5833,17.73,94,75,5.14,PT,1683501523
67,egilsstadir,65.2653,-14.3948,8.95,76,75,3.6,IS,1683501523
68,wattegama,6.7989,81.4808,23.8,82,100,0.15,LK,1683501523
69,constantia,44.1833,28.65,9.38,76,44,1.87,RO,1683501523
70,grytviken,-54.2811,-36.5092,1.83,88,85,6.77,GS,1683501046
71,yellowknife,62.456,-114.3525,18.09,34,0,5.36,CA,1683501240
72,vorgashor,67.5833,63.95,-8.9,91,100,7.95,RU,1683501524
73,tsiombe,-25.3,45.4833,20.93,76,0,1.4,MG,1683501524
74,tutzing,47.9094,11.2803,13.64,90,100,2.06,DE,1683501524
75,badger,64.8,-147.5333,11.93,40,75,2.57,US,1683501524
76,twon-brass,4.3151,6.2418,28.01,77,97,3.39,NG,1683501524
77,hermanus,-34.4187,19.2345,14.61,84,15,4.24,ZA,1683500752
78,kulhudhuffushi,6.6221,73.07,28.8,74,92,6.06,MV,1683501524
79,sitka,57.0531,-135.33,9.94,62,75,3.6,US,1683501524
80,mukalla,14.5425,49.1242,28.29,70,8,2.51,YE,1683501524
81,lata,40.1629,-8.3327,14.4,88,33,1.13,PT,1683501525
82,lebu,-37.6167,-73.65,10.62,78,36,6.76,CL,1683501435
83,arraial do cabo,-22.9661,-42.0278,23.96,86,28,6.73,BR,1683501525
84,darhan,49.4867,105.9228,11.64,48,100,2.07,MN,1683501525
85,hawaiian paradise park,19.5933,-154.9731,26.73,73,75,7.72,US,1683501525
86,haiku-pauwela,20.9219,-156.3051,27.01,60,40,11.32,US,1683501381
87,san patricio,28.017,-97.5169,28.42,67,96,7.11,US,1683501051
88,kerikeri,-35.2268,173.9474,19.39,94,97,2.24,NZ,1683501525
89,afaahiti,-17.75,-149.2833,29.93,76,79,6.57,PF,1683501049
90,cotonou,6.3654,2.4183,28.99,79,40,2.06,BJ,1683501408
91,mercedes,-34.6515,-59.4307,15.58,66,42,2.81,AR,1683501526
92,utrik,11.2278,169.8474,27.27,81,90,8.33,MH,1683501526
93,tura,25.5198,90.2201,22.72,42,10,2.3,IN,1683501526
94,mechetinskaya,46.7713,40.456,9.88,92,100,7.21,RU,1683501526
95,sisimiut,66.9395,-53.6735,0.02,89,76,5.01,GL,1683501526
96,hithadhoo,-0.6,73.0833,28.28,72,14,7.09,MV,1683501526
97,peniche,39.3558,-9.3811,16.73,87,45,7.21,PT,1683501381
98,uturoa,-16.7333,-151.4333,27.9,76,49,5.79,PF,1683501526
99,lindsay,36.203,-119.0882,25.42,36,0,4.12,US,1683501527
100,todos santos,23.45,-110.2167,24.23,47,95,4.71,MX,1683501478
101,vilyuchinsk,52.9306,158.4028,9.15,75,15,0.86,RU,1683501527
102,torghay,49.6339,63.4981,16.56,39,15,3.37,KZ,1683501527
103,punta del este,-34.9667,-54.95,16.6,89,0,3.58,UY,1683501527
104,bouarfa,32.53,-1.95,18.2,36,0,7.4,MA,1683501527
105,bonthe,7.5264,-12.505,27.91,82,66,3.04,SL,1683501527
106,grand falls-windsor,48.9332,-55.6649,8.06,76,100,3.78,CA,1683501527
107,whitehorse,60.7161,-135.0538,14.43,26,40,4.63,CA,1683501528
108,marsh harbour,26.5412,-77.0636,22.62,62,0,8.9,BS,1683501528
109,chonchi,-42.6128,-73.8092,8.4,95,47,0.6,CL,1683501047
110,pemangkat,1.1667,108.9667,26.08,90,100,3.06,ID,1683501528
111,karachi,24.9056,67.0822,25.9,89,0,3.6,PK,1683501528
112,macapa,0.0389,-51.0664,27.99,83,40,2.57,BR,1683501528
113,sapatgram,26.3334,90.109,24.56,58,30,4.02,IN,1683501528
114,ust'-kulom,61.6864,53.6902,-3.98,81,100,4.84,RU,1683501528
115,punta arenas,-53.15,-70.9167,9.06,71,75,10.29,CL,1683500760
116,lupane,-18.9315,27.807,14.8,43,0,2.18,ZW,1683501528
117,buka,40.8108,69.1986,13.83,57,3,1.12,UZ,1683501529
118,taoudenni,22.6783,-3.9836,36.06,8,73,4.43,ML,1683501529
119,namibe,-15.1961,12.1522,24.03,63,10,2.19,AO,1683501529
120,saint-joseph,-21.3667,55.6167,23.21,81,100,4.77,RE,1683501529
121,locust grove,33.346,-84.1091,27.38,60,83,0.89,US,1683501529
122,qaqortoq,60.7167,-46.0333,2.28,79,100,1.46,GL,1683501529
123,yuzhno-kurilsk,44.0306,145.8556,2.44,90,100,2.67,RU,1683501529
124,itamaraca,-7.7478,-34.8256,28.03,83,56,4.12,BR,1683501529
125,pandan,14.0453,124.1694,27.59,78,64,2.37,PH,1683501529
126,douentza,14.9951,-2.9517,33.39,30,100,0.28,ML,1683501530
127,tapejara,-28.0681,-52.0139,16.89,94,83,6.34,BR,1683501530
128,college,64.8569,-147.8028,11.97,45,75,2.57,US,1683500752
129,acapulco de juarez,16.8634,-99.8901,30.9,74,40,4.63,MX,1683501446
130,brookings,44.3114,-96.7984,22.43,49,0,4.12,US,1683501374
131,dunedin,-45.8742,170.5036,16.15,76,100,0.89,NZ,1683501323
132,labrador city,52.9463,-66.9114,1.95,60,75,3.09,CA,1683501530
133,mount gambier,-37.8333,140.7667,11.64,74,96,3.52,AU,1683501530
134,ust-nera,64.5667,143.2,2.03,95,100,2.91,RU,1683501052
135,manta,-0.95,-80.7333,28.88,70,75,4.12,EC,1683501530
136,les cayes,18.2,-73.75,26.37,74,8,2.81,HT,1683501531
137,castillos,-34.1667,-53.8333,16.07,79,100,2.88,UY,1683501531
138,carnarvon,-24.8667,113.6333,20.83,56,11,5.13,AU,1683501531
139,ebon,4.582,168.6964,28.48,79,100,5.58,MH,1683501531
140,kidal,18.4411,1.4078,33.9,18,61,3.5,ML,1683501531
141,conduaga,8.862,117.4893,26.31,82,99,1.77,PH,1683501531
142,newman,37.3138,-121.0208,23.49,55,100,1.34,US,1683501531
143,san andres,12.5847,-81.7006,29.01,70,40,5.66,CO,1683501531
144,abbeville,50.1,1.8333,12.92,93,75,1.83,FR,1683501532
145,kalmunai,7.4167,81.8167,25.59,80,100,1.13,LK,1683501532
146,mangrol,21.1167,70.1167,27.17,73,7,4.91,IN,1683501532
147,tiksi,71.6872,128.8694,-15.67,88,34,4.48,RU,1683501532
148,bikenibeu village,1.3673,173.1241,31.98,70,75,5.14,KI,1683501532
149,terrace,54.5163,-128.6035,13.95,47,75,3.09,CA,1683501532
150,singida,-4.8167,34.75,18.81,69,98,4.16,TZ,1683501532
151,jwaneng,-24.6004,24.7303,16.67,64,99,6.15,BW,1683501532
152,vadso,70.0744,29.7487,4.09,81,75,3.6,NO,1683501533
153,ponta delgada,37.7333,-25.6667,18.4,94,75,5.14,PT,1683501533
154,bahia blanca,-38.7196,-62.2724,15.46,82,1,1.79,AR,1683501533
155,mil'kovo,55.6078,37.7956,1.14,63,6,1.28,RU,1683501533
156,bubaque,11.2833,-15.8333,26.05,73,22,0.88,GW,1683501533
157,jayapura,-2.5333,140.7,27.66,85,77,1.98,ID,1683501533
158,korla,41.7597,86.1469,9.52,41,65,2.48,CN,1683501533
159,port isabel,26.0734,-97.2086,30.05,83,40,8.75,US,1683501533
160,port lincoln,-34.7333,135.8667,13.69,63,70,3.84,AU,1683501533
161,la passe,45.5549,-0.8967,14.43,90,53,3.06,FR,1683501534
162,ancud,-41.8697,-73.8203,8.56,83,46,1.02,CL,1683501534
163,avarua,-21.2078,-159.775,27.03,83,75,3.09,CK,1683501534
164,stung treng,13.5259,105.9683,25.06,91,100,1.12,KH,1683501534
165,mount pearl,47.5166,-52.7813,5.74,70,75,6.69,CA,1683501534
166,greymouth,-42.4667,171.2,15.52,93,100,1.95,NZ,1683501534
167,berbera,10.4396,45.0143,29.97,77,98,2.47,SO,1683501534
168,brisas de zicatela,15.8369,-97.0419,31.29,66,0,3.09,MX,1683501535
169,longyearbyen,78.2186,15.6401,-1.09,86,75,3.09,SJ,1683501053
170,kiama,-34.6833,150.8667,14.76,53,67,5.36,AU,1683501535
171,rajpur,22.3,74.35,27.25,62,0,3.66,IN,1683501535
172,souillac,-20.5167,57.5167,25.21,83,75,3.6,MU,1683501535
173,pacific grove,36.6177,-121.9166,19.1,68,0,5.66,US,1683501535
174,la paz,-16.5,-68.15,8.99,88,75,3.6,BO,1683501535
175,vallo della lucania,40.2297,15.2658,14.2,69,34,2.03,IT,1683501536
176,okha,53.5739,142.9478,3.97,73,31,3.92,RU,1683501536
177,lakes by the bay,25.5723,-80.3253,26.12,71,40,8.75,US,1683501536
178,prijedor,44.9814,16.7131,14.82,98,100,0.98,BA,1683501536
179,castlebar,53.85,-9.3,13.47,98,100,4.43,IE,1683501516
180,muborak,39.2553,65.1528,17.57,43,2,3.51,UZ,1683501536
181,kabalo,-6.05,26.9167,21.42,91,8,1.93,CD,1683501536
182,maba,24.6841,113.5984,19.99,79,96,1.25,CN,1683501537
183,horta,38.5333,-28.6333,17.79,98,100,11.62,PT,1683501537
184,mata-utu,-13.2816,-176.1745,28.71,74,18,4.01,WF,1683501537
185,charcas,23.1333,-101.1167,15.95,72,59,2.08,MX,1683501537
186,fortuna,40.5982,-124.1573,15.19,64,95,5.25,US,1683501537
187,kapa'a,22.0752,-159.319,27.99,67,20,7.2,US,1683501537
188,motueka,-41.1333,173.0167,18.94,98,100,1.63,NZ,1683501538
189,correntina,-13.3433,-44.6367,23.45,46,15,1.62,BR,1683501538
190,petropavlovsk-kamchatsky,53.0452,158.6483,8.33,46,75,4.0,RU,1683501052
191,mazatlan,23.2167,-106.4167,33.98,57,100,9.26,MX,1683501475
192,qaisumah,28.3112,46.1273,27.98,23,0,4.12,SA,1683501538
193,rapid city,44.0805,-103.231,21.61,41,75,6.17,US,1683501338
194,fale old settlement,-9.3852,-171.2468,29.04,75,45,4.47,TK,1683501538
195,gazojak,41.1875,61.4036,18.73,36,0,1.9,TM,1683501538
196,sinabang,2.4803,96.3801,26.12,86,100,7.32,ID,1683501538
197,drabiv,49.963,32.1529,4.62,72,69,4.04,UA,1683501539
198,luderitz,-26.6481,15.1594,14.44,59,0,5.01,NA,1683501539
199,karratha,-20.7377,116.8463,24.03,38,58,7.97,AU,1683501539
200,zilair,52.2332,57.4392,4.43,53,100,3.91,RU,1683501539
201,enewetak,11.3474,162.3373,27.45,78,92,7.97,MH,1683501539
202,walvis bay,-22.9575,14.5053,12.83,70,0,2.45,NA,1683501539
203,sihanoukville,10.6093,103.5296,26.97,94,40,1.03,KH,1683501539
204,lorengau,-2.0226,147.2712,29.68,71,68,2.35,PG,1683501539
205,port blair,11.6667,92.75,28.45,78,100,1.27,IN,1683501540
206,jamestown,42.097,-79.2353,18.56,78,100,1.54,US,1683501462
207,inarajan village,13.2736,144.7484,29.54,85,30,4.72,GU,1683501540
208,mombetsu,44.3525,143.3525,5.7,56,100,2.04,JP,1683501540
209,talnakh,69.4865,88.3972,-16.46,84,94,1.98,RU,1683501540
210,kruisfontein,-34.0033,24.7314,13.23,90,80,2.27,ZA,1683501046
211,nemuro,43.3236,145.575,1.79,95,100,5.37,JP,1683501540
212,nong ki,14.6868,102.538,29.17,70,88,1.62,TH,1683501540
213,bel ombre,-4.6167,55.4167,26.91,89,40,2.06,SC,1683501541
214,igarka,67.4667,86.5833,-6.52,86,100,4.73,RU,1683501541
215,anna regina,7.2644,-58.5077,25.42,89,34,4.2,GY,1683501541
216,rio grande,-32.035,-52.0986,19.06,96,100,4.55,BR,1683501541
217,carbonear,47.7332,-53.2148,7.46,66,98,8.2,CA,1683501541
218,iranshahr,27.2025,60.6848,27.34,18,0,1.37,IR,1683501541
219,zhanjiang,21.2815,110.3427,23.93,94,99,5.22,CN,1683501541
220,samraong,12.4526,105.5873,27.19,83,100,1.35,KH,1683501542
221,gorontalo,0.5412,123.0595,25.59,92,98,1.47,ID,1683501542
222,tralee,52.2704,-9.7026,13.01,99,100,2.56,IE,1683501542
223,ardakan,32.31,54.0175,22.96,14,0,2.37,IR,1683501542
224,aykhal,66.0,111.5,-10.5,86,73,2.05,RU,1683501542
225,wewak,-3.5534,143.6268,28.11,83,94,1.9,PG,1683501542
226,kiunga,-6.1219,141.2906,25.39,97,99,0.67,PG,1683501543
227,kailua-kona,19.6406,-155.9956,27.98,74,75,4.12,US,1683501543
228,rakops,-21.0167,24.3333,22.6,28,3,3.55,BW,1683501543
229,goondiwindi,-28.55,150.3167,10.34,44,0,6.87,AU,1683501543
230,griffith,41.5284,-87.4237,27.93,68,0,5.14,US,1683501543
231,pisco,-13.7,-76.2167,21.03,83,68,6.69,PE,1683501543
232,makaha,21.4694,-158.2175,28.95,50,40,7.72,US,1683501544
233,broome,42.2506,-75.833,15.9,84,100,3.6,US,1683501544
234,saint-pierre,-21.3393,55.4781,23.82,73,0,3.09,RE,1683501544
235,salinopolis,-0.6136,-47.3561,26.34,87,80,4.96,BR,1683501544
236,bantogon,6.5333,124.0333,27.77,75,100,1.76,PH,1683501544
237,navarre,30.4016,-86.8636,26.42,86,12,4.69,US,1683501341
238,bodaybo,57.8506,114.1933,2.58,84,100,2.38,RU,1683501544
239,runing,33.0011,114.3542,16.45,56,99,0.96,CN,1683501545
240,codrington,-38.2667,141.9667,12.69,71,100,6.03,AU,1683501545
241,kavieng,-2.5744,150.7967,28.81,79,95,4.23,PG,1683501545
242,colonia,50.9333,6.95,16.14,88,100,1.03,DE,1683501545
243,alice springs,-23.7,133.8833,8.75,46,1,3.6,AU,1683501545
244,rio claro,-22.4114,-47.5614,20.76,72,87,0.9,BR,1683501545
245,ribeira brava,32.65,-17.0667,21.18,71,2,2.31,PT,1683501545
246,canon city,38.441,-105.2424,24.09,19,0,9.26,US,1683501545
247,warrnambool,-38.3833,142.4833,8.52,71,84,6.46,AU,1683501546
248,dawei,14.0833,98.2,26.44,87,66,1.17,MM,1683501546
249,tual,-5.6667,132.75,28.47,77,100,5.57,ID,1683501546
250,fruitland,38.3221,-75.6202,23.01,68,100,0.0,US,1683501546
251,caconda,-13.7333,15.0667,18.66,62,74,1.37,AO,1683501546
252,khash,28.2211,61.2158,20.37,13,0,1.1,IR,1683501546
253,eraan,9.0629,117.7016,26.38,82,91,1.73,PH,1683501546
254,sola,-13.8833,167.55,27.32,78,49,4.66,VU,1683501547
255,keflavik,64.0049,-22.5624,9.95,93,100,7.72,IS,1683501547
256,nikolayevsk-on-amure,53.1406,140.73,11.63,49,2,1.01,RU,1683501547
257,champerico,14.3,-91.9167,34.3,66,4,4.19,GT,1683501547
258,jiaojiang,28.6803,121.4428,18.33,84,98,3.96,CN,1683501547
259,colares,38.7992,-9.4469,17.16,82,28,10.73,PT,1683501547
260,wailua homesteads,22.0669,-159.378,27.24,67,20,7.2,US,1683501547
261,tazovsky,67.4667,78.7,-4.86,95,100,10.07,RU,1683501548
262,misawa,40.6836,141.3597,4.98,87,100,5.14,JP,1683501548
263,wenling,28.3669,121.36,17.22,83,100,5.5,CN,1683501548
264,cidreira,-30.1811,-50.2056,20.83,97,100,2.24,BR,1683501548
265,gumdag,39.2061,54.5906,21.7,28,86,8.6,TM,1683501548
266,kingston,17.997,-76.7936,27.89,89,67,0.79,JM,1683501548
267,luanda,-8.8368,13.2343,26.0,90,75,1.54,AO,1683501548
268,holmsund,63.706,20.3641,3.3,86,100,1.54,SE,1683501549
269,cabo san lucas,22.8909,-109.9124,30.9,49,75,2.06,MX,1683501472
270,khandyga,62.6667,135.6,-0.96,93,100,3.56,RU,1683501549
271,san luis de la loma,17.2706,-100.8939,31.69,51,39,3.46,MX,1683501549
272,imbituba,-28.24,-48.6703,22.29,89,98,6.8,BR,1683501549
273,reyes,-14.3167,-67.3833,21.2,99,100,1.03,BO,1683501549
274,esil,51.9556,66.4042,13.98,47,55,3.83,KZ,1683501549
275,kushiro,42.975,144.3747,4.53,87,75,1.54,JP,1683501549
276,le port,-20.9373,55.2919,24.0,87,98,2.29,RE,1683501550
277,mugia,43.1041,-9.2179,15.51,80,82,1.68,ES,1683501550
278,susuman,62.7833,148.1667,-0.3,73,45,1.38,RU,1683501550
279,berdigestyakh,62.0989,126.6992,-5.52,78,44,4.32,RU,1683501550
280,saint croix,17.7397,-64.7388,26.25,77,40,4.63,VI,1683501550
281,poso,-1.3959,120.7524,25.9,87,100,1.52,ID,1683501550
282,el charco,2.4769,-78.1105,26.95,88,100,1.84,CO,1683501550
283,bani walid,31.7566,13.9942,20.2,44,66,2.93,LY,1683501550
284,el granada,37.5027,-122.4694,21.01,64,0,8.23,US,1683501551
285,shenjiamen,29.9576,122.298,14.85,85,96,7.12,CN,1683501551
286,moa,20.6569,-74.9403,26.33,78,14,3.66,CU,1683501551
287,medicine hat,50.0501,-110.6683,16.24,58,75,3.6,CA,1683501551
288,itaituba,-4.2761,-55.9836,26.38,83,99,0.28,BR,1683501551
289,revelstoke,50.9832,-118.2023,13.81,70,100,1.96,CA,1683501312
290,wheaton,41.8661,-88.107,28.02,65,0,7.2,US,1683501542
291,mahanoro,-19.9,48.8,20.93,91,6,2.59,MG,1683501552
292,silkeborg,56.1697,9.5451,8.18,76,6,4.86,DK,1683501552
293,dutsin-ma,12.4517,7.4981,29.98,11,100,3.83,NG,1683501552
294,cutral-co,-38.9469,-69.2089,12.73,33,1,2.68,AR,1683501552
295,rikaze,29.25,88.8833,4.12,50,0,1.5,CN,1683501552
296,miri,4.4148,114.0089,25.19,91,100,3.24,MY,1683501269
297,yorkton,51.2167,-102.4677,11.02,70,100,4.9,CA,1683501301
298,dongsheng,39.8161,109.9776,10.36,60,99,1.88,CN,1683501553
299,puerto rosario,-24.45,-57.0833,19.29,98,100,2.11,PY,1683501553
300,klyuchi,52.2667,79.1667,15.23,38,3,1.1,RU,1683501553
301,sechura,-5.5569,-80.8222,27.87,63,62,6.7,PE,1683501553
302,nova vicosa,-17.8919,-39.3719,24.6,81,2,4.32,BR,1683501553
303,guajara mirim,-10.7828,-65.3394,23.89,98,95,1.07,BR,1683501554
304,homer,59.6425,-151.5483,6.54,88,100,2.06,US,1683501554
305,kharagpur,22.3333,87.3333,28.76,59,0,2.63,IN,1683501554
306,port-vila,-17.7338,168.3219,28.78,74,40,2.06,VU,1683501554
307,ternate,0.8,127.4,27.91,80,51,1.75,ID,1683501554
308,cannonvale,-20.2833,148.7,21.66,59,8,8.79,AU,1683501554
309,sal rei,16.1833,-22.9167,22.03,84,9,8.81,CV,1683501554
310,kapuskasing,49.4169,-82.4331,16.05,33,20,5.14,CA,1683501555
311,manchester,53.4809,-2.2374,14.1,85,40,1.54,GB,1683501469
312,belaya kholunitsa,58.84,50.8528,-2.1,86,17,3.28,RU,1683501555
313,queenstown,-31.8976,26.8753,11.98,91,100,1.4,ZA,1683501555
314,kismayo,-0.3582,42.5454,26.76,80,50,5.83,SO,1683501555
315,tamiahua,21.2667,-97.45,28.36,78,99,5.32,MX,1683501511
316,quibdo,5.6947,-76.6611,31.19,74,40,2.57,CO,1683501555
317,la'ie,21.6477,-157.9253,28.98,69,96,9.07,US,1683501555
318,new norfolk,-42.7826,147.0587,9.95,69,92,2.24,AU,1683501556
319,harnosand,62.6323,17.9379,2.0,70,54,2.76,SE,1683501556
320,port alfred,-33.5906,26.891,18.44,70,100,3.59,ZA,1683501441
321,terme,41.2092,36.9739,12.96,95,100,5.47,TR,1683501556
322,turpan,42.9333,89.1667,14.27,28,50,0.89,CN,1683501556
323,gaiman,-43.2897,-65.4929,11.22,66,90,3.83,AR,1683501556
324,puerto baquerizo moreno,-0.9,-89.6,26.4,85,62,5.2,EC,1683501556
325,sinop,41.7711,34.8709,9.86,93,100,1.85,TR,1683501557
326,aioun,16.6614,-9.6149,33.66,10,17,5.17,MR,1683501557
327,port douglas,-16.4833,145.4667,25.56,75,90,6.24,AU,1683501557
328,fort bragg,35.139,-79.006,26.22,54,75,6.69,US,1683501364
329,heroica guaymas,27.9333,-110.9,33.27,28,0,9.26,MX,1683501557
330,el nido,11.1858,119.3956,27.6,81,89,2.3,PH,1683501557
331,primero de enero,21.9469,-78.4283,26.68,70,33,5.41,CU,1683501558
332,shache,38.4167,77.2406,11.11,26,100,3.43,CN,1683501558
333,sharan,54.8167,54.0,0.81,63,4,2.23,RU,1683501558
334,flekkefjord,58.2971,6.6607,9.97,66,99,5.51,NO,1683501558
335,ceeldheer,3.8488,47.1806,26.8,83,9,8.12,SO,1683501558
336,traiguen,-38.25,-72.6833,9.08,60,23,2.27,CL,1683501558
337,paragominas,-2.9667,-47.4833,25.15,84,99,1.55,BR,1683501558
338,saldanha,-33.0117,17.9442,15.47,87,15,2.3,ZA,1683501559
339,aldan,58.6031,125.3894,-3.37,85,100,3.25,RU,1683501559
340,sarikei,2.1167,111.5167,23.36,99,100,1.51,MY,1683501559
341,belyye berega,53.2085,34.6641,2.1,69,89,2.14,RU,1683501559
342,cotui,19.0527,-70.1494,26.63,48,2,2.01,DO,1683501559
343,isangel,-19.55,169.2667,27.06,83,20,0.0,VU,1683501559
344,maceio,-9.6658,-35.7353,25.69,83,0,1.03,BR,1683501559
345,vryburg,-26.9566,24.7284,12.24,91,64,3.02,ZA,1683501560
346,coalcoman de vazquez pallares,18.7833,-103.15,31.24,36,51,2.0,MX,1683501560
347,muroto-misakicho,33.2833,134.15,16.9,73,80,5.79,JP,1683501560
348,mansehra,34.3333,73.2,13.1,76,100,0.85,PK,1683501560
349,tucuma,-0.1833,-50.05,25.83,87,44,3.69,BR,1683501560
350,princeville,45.7668,-61.2985,11.31,62,60,4.45,CA,1683501560
351,bardai,11.65,7.2333,28.74,11,70,3.2,NG,1683501560
352,saint-francois,46.4154,3.9054,13.69,94,0,1.54,FR,1683501561
353,phan rang-thap cham,11.5667,108.9833,26.66,75,97,1.44,VN,1683501561
354,pursat,12.3333,103.6667,26.23,79,65,1.12,KH,1683501561
355,usogorsk,63.4106,48.6872,-4.41,85,68,3.32,RU,1683501561
356,mar del plata,-38.0023,-57.5575,15.05,93,100,4.12,AR,1683501561
357,chibougamau,49.9168,-74.3659,10.79,30,75,5.66,CA,1683501561
358,nantucket,41.2835,-70.0995,18.08,73,0,6.17,US,1683501417
359,lamu,-2.2717,40.902,27.12,79,21,6.13,KE,1683501561
360,woolgoolga,-30.1106,153.2007,15.93,41,0,3.55,AU,1683501562
361,barcelos,41.5388,-8.6151,16.58,77,48,1.6,PT,1683501562
362,port saint john's,-31.6229,29.5448,18.44,94,100,1.63,ZA,1683501562
363,talcahuano,-36.7167,-73.1167,12.82,88,0,1.03,CL,1683500843
364,el calafate,-50.3408,-72.2768,6.8,69,64,1.37,AR,1683501562
365,keila,59.3036,24.4131,2.01,66,0,1.54,EE,1683501562
366,fisterra,42.9049,-9.2629,15.42,80,82,0.3,ES,1683501563
367,mahajanga,-15.7167,46.3167,24.91,75,27,3.09,MG,1683501563
368,saipan,15.1355,145.701,29.39,100,40,4.63,MP,1683501563
369,aljezur,37.3191,-8.8033,16.07,67,3,6.02,PT,1683501563
370,bukama,-9.2,25.85,18.37,69,0,1.22,CD,1683501563
371,juneau,58.3019,-134.4197,11.0,58,100,5.66,US,1683501563
372,nema,57.5067,50.5011,-1.89,87,14,2.56,RU,1683501563
373,rawson,-43.3002,-65.1023,11.61,66,86,5.07,AR,1683501564
374,tromso,69.6496,18.957,4.01,81,75,5.66,NO,1683501367
375,port pirie,-33.1833,138.0167,11.62,59,32,2.12,AU,1683501564
376,milove,49.3787,40.1302,6.02,56,100,7.46,UA,1683501564
377,waingapu,-9.6567,120.2641,26.27,85,42,6.09,ID,1683501564
378,anchorage,61.2181,-149.9003,11.49,61,75,2.68,US,1683501300
379,ola,59.5833,151.2833,0.95,87,45,1.91,RU,1683501565
380,buckie,57.6757,-2.9624,12.88,91,88,6.13,GB,1683501565
381,lubang,13.8584,120.124,28.83,76,73,3.45,PH,1683501565
382,ouani,-12.1322,44.4258,26.48,77,14,4.22,KM,1683501565
383,elverum,60.8819,11.5623,1.24,97,41,0.96,NO,1683501565
384,hiratacho,35.4333,132.8167,14.98,67,75,9.26,JP,1683501565
385,kupang,-10.1667,123.5833,27.32,83,20,5.14,ID,1683501566
386,island harbour,50.724,-1.2758,12.31,93,99,0.89,GB,1683501566
387,arteche,12.2645,125.4048,27.74,77,90,1.78,PH,1683501566
388,dinguiraye,11.3,-10.7167,27.55,51,95,2.12,GN,1683501566
389,coquimbo,-29.9533,-71.3436,13.85,94,0,1.54,CL,1683501312
390,upington,-28.4478,21.2561,17.21,36,0,2.06,ZA,1683501566
391,richmond,37.5538,-77.4603,21.27,89,75,2.57,US,1683500940
392,diamante,-32.0664,-60.6384,18.57,71,2,0.65,AR,1683501567
393,ilhabela,-23.7781,-45.3581,23.01,90,61,3.84,BR,1683501567
394,selfoss,63.9331,-20.9971,9.47,96,100,2.89,IS,1683501567
395,luganville,-15.5333,167.1667,28.56,70,11,2.55,VU,1683501567
396,northam,51.0333,-4.2167,12.01,90,100,5.29,GB,1683501567
397,page,36.9147,-111.4558,24.15,16,0,3.09,US,1683501423
398,sadovoye,47.7764,44.5089,10.41,70,100,8.8,RU,1683501567
399,thinadhoo,0.5333,72.9333,28.31,74,40,7.13,MV,1683501567
400,weno,7.4515,151.8468,29.97,74,75,3.6,FM,1683501568
401,salavan,15.7167,106.4167,24.86,89,92,0.23,LA,1683501568
402,rongelap,11.1635,166.8941,27.39,79,61,7.91,MH,1683501568
403,merritt,50.1123,-120.7942,14.62,60,100,0.89,CA,1683501568
404,sterling,39.0062,-77.4286,19.01,89,100,1.34,US,1683501568
405,tamanrasset,22.785,5.5228,22.95,11,0,2.06,DZ,1683501569
406,bintulu,3.1667,113.0333,24.23,94,20,0.0,MY,1683501569
407,lasam,18.0652,121.6006,27.13,81,88,0.51,PH,1683501569
408,newport,51.5877,-2.9984,13.76,87,98,2.0,GB,1683501420
409,al bayda',32.7627,21.7551,13.04,63,0,3.5,LY,1683501569
410,usol'ye,59.4268,56.6808,-1.54,80,97,4.74,RU,1683501569
411,am timan,11.0297,20.2827,27.21,64,89,2.7,TD,1683501569
412,quang ngai,15.1167,108.8,27.45,79,100,0.37,VN,1683501569
413,atmakur,15.8833,78.5833,26.97,72,85,1.11,IN,1683501570
414,kununurra,-15.7667,128.7333,23.99,31,64,7.72,AU,1683501570
415,norrtalje,59.758,18.705,5.57,77,93,2.56,SE,1683501570
416,port-cartier,50.0334,-66.8654,12.12,45,62,4.93,CA,1683501570
417,nogliki,51.8333,143.1667,5.62,65,96,2.52,RU,1683501570
418,caleta de carquin,-11.0925,-77.6267,22.65,81,44,5.83,PE,1683501570
419,al muwayh,22.4333,41.7583,27.88,16,10,3.1,SA,1683501570
420,pachino,36.7186,15.0907,16.54,80,58,1.25,IT,1683501571
421,lhokseumawe,5.1801,97.1507,25.06,89,95,2.06,ID,1683501571
422,batangafo,7.3008,18.2833,22.97,81,93,1.85,CF,1683501571
423,mejit,10.2753,170.8646,27.32,82,59,7.48,MH,1683501571
424,minokamo,35.482,137.0217,16.26,63,40,5.66,JP,1683501571
425,port arthur,38.8,121.2667,16.12,60,99,3.59,CN,1683501572
426,berezovyy,51.6667,135.7,12.89,39,5,1.57,RU,1683501572
427,belyy yar,53.6039,91.3903,6.94,70,2,1.0,RU,1683501572
428,arno,60.1167,18.6333,4.88,71,78,4.57,SE,1683501572
429,karyes,37.3,22.5,11.78,79,6,0.96,GR,1683501572
430,mount isa,-20.7333,139.5,14.87,31,23,6.69,AU,1683501572
431,baise city,23.8997,106.6133,21.31,89,100,0.93,CN,1683501572
432,shetpe,44.1667,52.1167,19.45,27,100,3.82,KZ,1683501573
433,gizo,-8.103,156.8419,29.41,72,80,2.78,SB,1683501573
434,alesund,62.4723,6.1549,9.86,77,100,3.09,NO,1683501573
435,warmbaths,-24.8833,28.2833,15.01,86,63,0.53,ZA,1683501573
436,kaohsiung,22.6163,120.3133,25.58,92,75,1.54,TW,1683501573
437,bamboo flat,11.7,92.7167,28.45,78,100,1.13,IN,1683501573
438,hadibu,12.65,54.0333,28.12,55,2,1.56,YE,1683501573
439,la cruz,23.9167,-106.9,31.1,33,100,6.29,MX,1683501573
440,raton,36.9034,-104.4391,25.19,8,0,8.75,US,1683501573
441,arenapolis,-14.4503,-56.8461,26.21,73,79,0.45,BR,1683501574
442,east london,-33.0153,27.9116,19.08,69,100,2.7,ZA,1683501574
443,guiping,23.3925,110.0814,19.51,94,100,2.52,CN,1683501574
444,puerto san jose,13.9256,-90.8244,31.17,65,21,4.51,GT,1683501574
445,tierra blanca,14.5833,-88.5833,28.81,44,98,2.1,HN,1683501574
446,remire-montjoly,4.9167,-52.2667,25.02,94,75,1.54,GF,1683501574
447,labytnangi,66.6572,66.4183,-6.37,93,100,9.26,RU,1683501574
448,dharchula,29.85,80.5333,14.41,50,2,3.76,IN,1683501574
449,owode,6.9486,3.5051,26.31,92,73,1.36,NG,1683501574
450,vilyuysk,63.7553,121.6247,-7.27,81,91,2.23,RU,1683501575
451,benghazi,32.1167,20.0667,18.38,69,10,4.11,LY,1683501575
452,bilopillya,51.1502,34.3129,4.57,63,100,4.12,UA,1683501575
453,laojunmiao,39.8333,97.7333,4.35,65,100,3.18,CN,1683501575
454,solvang,34.5958,-120.1377,22.38,57,0,7.2,US,1683501575
455,bronkhorstspruit,-25.8102,28.7425,14.75,84,90,2.57,ZA,1683501575
456,khanbari,27.3747,87.2039,18.03,61,10,2.2,NP,1683501575
457,urucara,-2.5364,-57.76,24.63,96,92,0.78,BR,1683501575
458,zamora,-4.0692,-78.9567,28.58,96,70,0.87,EC,1683501576
459,bestobe,52.4994,73.0975,15.91,34,2,5.13,KZ,1683501576
460,katsuura,35.1333,140.3,21.01,95,100,11.34,JP,1683501576
461,tocopilla,-22.092,-70.1979,20.23,68,19,3.6,CL,1683501576
462,yambio,4.5721,28.3955,20.32,93,82,0.6,SS,1683501576
463,turar ryskulov,42.5333,70.3333,9.37,47,0,2.48,KZ,1683501576
464,porto tolle,44.9497,12.3245,16.24,84,100,3.67,IT,1683501576
465,st. john's,47.5649,-52.7093,6.2,70,75,6.69,CA,1683501507
466,kericho,-0.3677,35.2831,13.83,95,81,1.47,KE,1683501577
467,susanville,40.4163,-120.653,11.57,50,100,4.12,US,1683501577
468,sao joao da barra,-21.6403,-41.0511,21.05,82,49,2.95,BR,1683501577
469,jieshi,22.8134,115.8257,22.88,83,100,3.71,CN,1683501577
470,oxapampa,-10.5775,-75.4017,15.58,96,99,0.99,PE,1683501577
471,noumea,-22.2763,166.4572,27.99,99,50,1.41,NC,1683501577
472,shingu,33.7333,135.9833,16.09,66,60,3.44,JP,1683501577
473,piti village,13.4626,144.6933,29.49,79,0,4.12,GU,1683501577
474,lemvig,56.5486,8.3102,8.44,66,23,6.46,DK,1683501578
475,anloga,5.7947,0.8973,28.56,71,92,4.13,GH,1683501578
476,dalandzadgad,43.5708,104.425,9.64,22,100,2.64,MN,1683501578
477,taksimo,56.3444,114.8794,2.44,54,73,2.19,RU,1683501578
478,boysun,38.2061,67.1986,10.6,59,5,1.9,UZ,1683501578
479,el jadid,33.2549,-8.506,18.69,82,59,7.44,MA,1683501578
480,korsholm,63.1142,21.6822,4.38,74,0,4.63,FI,1683501295
481,yelovo,57.0538,54.9207,-0.38,81,9,4.62,RU,1683501578
482,hasaki,35.7333,140.8333,13.22,94,100,8.36,JP,1683501579
483,kipushi,-11.7667,27.2333,12.03,77,0,2.06,CD,1683501579
484,huarmey,-10.0681,-78.1522,23.51,82,69,5.48,PE,1683501579
485,kilju,40.9642,129.3278,15.65,45,25,1.24,KP,1683501579
486,jaca,42.569,-0.5499,12.21,87,8,2.02,ES,1683501579
487,thunder bay,48.4001,-89.3168,9.99,87,100,4.12,CA,1683501579
488,nizhnesortymskiy,62.4397,71.7603,4.25,93,94,9.14,RU,1683501579
489,wanlaweyn,2.6185,44.8938,25.5,81,2,4.75,SO,1683501579
490,saudarkrokur,65.7461,-19.6394,7.63,90,98,1.15,IS,1683501580
491,polyarnyy,69.1989,33.4478,-0.12,90,97,4.77,RU,1683501580
492,porto novo,6.4965,2.6036,28.9,77,98,2.54,BJ,1683501580
493,palmital,-22.7889,-50.2175,21.29,78,78,1.2,BR,1683501386
494,happy valley-goose bay,53.3168,-60.3315,1.17,86,100,1.03,CA,1683501580
495,prado,-17.3411,-39.2208,23.55,86,3,3.72,BR,1683501580
496,shaowu,27.3409,117.4831,17.61,92,100,0.81,CN,1683501580
497,lompoc,34.6391,-120.4579,23.16,74,0,10.73,US,1683501580
498,palikir - national government center,6.9248,158.1611,28.47,78,100,4.12,FM,1683501580
499,toyooka,35.5333,134.8333,11.19,91,100,6.24,JP,1683501581
500,vokhtoga,58.8147,41.0461,-1.63,87,65,2.33,RU,1683501581
501,palmas,-10.2128,-48.3603,26.93,78,20,3.09,BR,1683501581
502,chegdomyn,51.1167,133.0167,13.52,32,92,1.86,RU,1683501581
503,ambon,-3.6954,128.1814,30.53,91,20,3.6,ID,1683501581
504,alofi,-19.0595,-169.9187,27.94,74,11,2.57,NU,1683501581
505,essaouira,31.5125,-9.77,18.79,80,100,12.69,MA,1683501581
506,zainsk,55.3195,52.0694,1.55,66,5,1.8,RU,1683501581
507,rantepao,-2.9701,119.8978,20.42,97,100,0.09,ID,1683501582
508,duverge,18.3784,-71.5247,28.03,53,19,2.4,DO,1683501582
509,fort st. john,56.2499,-120.8529,16.94,25,75,4.12,CA,1683501523
510,balkashino,52.5167,68.7667,14.55,37,100,2.97,KZ,1683501582
511,katabu,-4.9333,122.5167,24.69,96,100,1.79,ID,1683501582
512,goundi,9.3627,17.366,29.26,49,91,3.42,TD,1683501582
513,holualoa,19.6228,-155.9522,25.91,74,75,4.12,US,1683501582
514,howrah,22.5892,88.3103,30.0,79,20,3.09,IN,1683501582
515,praia,14.9215,-23.5087,23.3,78,20,7.72,CV,1683501583
516,cacapava do sul,-30.5122,-53.4914,14.99,98,100,1.03,BR,1683501583
517,kudahuvadhoo,2.6708,72.8944,28.31,76,99,6.35,MV,1683501583
518,kambove,-10.8764,26.5969,12.69,70,0,1.51,CD,1683501583
519,daday,41.4787,33.4667,8.62,99,100,1.53,TR,1683501583
520,viedma,-40.8135,-62.9967,13.51,72,93,5.57,AR,1683501583
521,brak,27.5496,14.2714,24.72,19,74,3.46,LY,1683501583
522,angaur state,6.906,134.13,28.46,70,93,3.92,PW,1683501583
523,zhangjiajie,29.1294,110.4783,15.16,86,100,0.98,CN,1683501583
524,darjiling,27.0333,88.2667,10.69,59,18,3.09,IN,1683501584
525,bogra,24.85,89.3667,26.25,51,8,3.25,BD,1683501584
526,bay roberts,47.5999,-53.2648,6.4,69,100,4.92,CA,1683501584
527,pulandian,39.3953,121.9669,15.32,42,92,1.65,CN,1683501584
528,val-d'or,48.1002,-77.7828,16.05,33,20,7.2,CA,1683501584
529,santiago de cao,-7.9589,-79.2392,24.07,78,40,5.14,PE,1683501584
530,farafangana,-22.8167,47.8333,20.66,91,10,1.87,MG,1683501584
531,las terrenas,19.311,-69.5428,26.79,75,3,4.35,DO,1683501585
532,hami,42.8,93.45,9.89,30,2,2.02,CN,1683501585
533,tomatlan,19.9333,-105.25,32.53,46,3,3.3,MX,1683501585
534,luebo,-5.35,21.4167,21.37,98,45,0.37,CD,1683501585
535,strelka,58.0728,93.0344,9.09,74,51,1.63,RU,1683501585
536,galle,6.0367,80.217,26.91,83,100,4.63,LK,1683501585
537,ormara,25.2088,64.6357,28.14,73,0,5.02,PK,1683501585
538,fukuecho,32.6881,128.8419,15.2,67,75,10.29,JP,1683501585
539,grenville,12.1167,-61.6167,28.03,84,52,6.4,GD,1683501586
540,cukurca,37.2481,43.6136,9.93,66,0,0.45,TR,1683501586
541,tanggu,39.0211,117.6469,17.98,32,100,3.26,CN,1683501586
542,tannum sands,-23.9504,151.3693,16.94,23,18,5.14,AU,1683501586
543,genhe,50.7833,121.5167,3.26,53,25,5.58,CN,1683501586
544,chauk,20.8833,94.8167,30.26,57,5,2.68,MM,1683501586
545,skeldon,5.8833,-57.1333,24.87,93,98,3.68,GY,1683501586
546,oyem,1.5995,11.5793,19.91,98,89,0.95,GA,1683501586
547,papao,-17.75,-149.55,30.82,76,21,6.11,PF,1683501587
548,byumba,-1.5763,30.0675,15.11,92,38,1.32,RW,1683501587
549,port macquarie,-31.4333,152.9167,15.5,43,4,6.32,AU,1683501587
550,tengrela,10.4869,-6.4097,26.93,58,100,1.95,CI,1683501587
551,ciudad lazaro cardenas,17.9583,-102.2,31.01,52,12,4.92,MX,1683501587
552,panshi,42.9422,126.0561,11.95,46,0,2.93,CN,1683501587
553,sibiti,-3.6819,13.3499,21.54,97,75,0.51,CG,1683501587
554,cholpon-ata,42.6494,77.0823,4.03,43,19,1.92,KG,1683501588
555,walla walla,46.0646,-118.343,14.93,62,100,5.14,US,1683501470
556,tabuk,17.4189,121.4443,26.44,79,90,0.67,PH,1683501588
557,sur,22.5667,59.5289,28.79,51,0,4.55,OM,1683501588
558,shahr-e babak,30.1165,55.1186,18.84,14,0,1.06,IR,1683501588
559,encs,48.3333,21.1333,6.62,84,84,7.72,HU,1683501588
560,rio gallegos,-51.6226,-69.2181,6.03,70,75,2.06,AR,1683501588
561,lerwick,60.1545,-1.1494,8.0,94,100,9.72,GB,1683501588
562,ulanhot,46.0833,122.0833,14.89,28,8,9.27,CN,1683501588
563,lodwar,3.1191,35.5973,28.58,54,54,6.23,KE,1683501589
564,luena,-11.7833,19.9167,15.14,56,19,1.59,AO,1683501589
565,llazice,42.5553,20.7633,12.64,87,73,0.72,XK,1683501589
566,baraboo,43.4711,-89.7443,24.44,52,0,0.0,US,1683501589
567,opuwo,-18.0607,13.84,19.08,34,16,1.67,NA,1683501589
568,znin,52.8496,17.7199,6.3,88,3,1.62,PL,1683501589
569,saint-jean-de-monts,46.7833,-2.0667,13.95,90,74,3.93,FR,1683501589
570,haimen,23.1935,116.6142,20.94,89,100,5.34,CN,1683501589
571,el alto,-4.2714,-81.2147,26.81,74,87,6.45,PE,1683501590
572,christchurch,-43.5333,172.6333,22.96,69,80,3.6,NZ,1683501590
